{
	"format_version": "1.8.0",
	"animations": {
		"animation.down.main": {
			"loop": true,
			"animation_length": 5,
			"bones": {
				"root": {
					"position": [0, -2, 2]
				},
				"waist": {
					"rotation": [90, 0, 0],
					"position": [0, 0, 1]
				},
				"leftArm": {
					"rotation": [-90, 0, 0]
				},
				"rightArm": {
					"rotation": [-90, 0, 0]
				},
				"leftLeg": {
					"rotation": [45, 0, 0]
				},
				"rightLeg": {
					"rotation": [45, 0, 0]
				}
			}
		},
		"animation.down.main2": {
			"animation_length": 6.0417,
			"bones": {
				"root": {
					"position": [0, -2, 2]
				},
				"waist": {
					"rotation": {
						"0.0": [90, 0, 0],
						"4.4167": [90, 0, 0],
						"4.7083": [125, 0, 0],
						"5.0417": [140, 0, 0]
					},
					"position": {
						"0.0": [0, 0, 1],
						"4.4167": [0, 0, 1]
					}
				},
				"leftArm": {
					"rotation": {
						"0.0": [-90, 0, 0],
						"0.8333": [-2.46207, -0.43399, -9.99067],
						"4.0": [-2.46207, -0.43399, -9.99067],
						"4.2083": [-24.96207, -0.43399, -9.99067],
						"4.4583": [-72.46207, -0.43399, -9.99067],
						"5.0417": [-7.46207, -0.43399, -9.99067]
					}
				},
				"rightArm": {
					"rotation": {
						"0.0": [-90, 0, 0],
						"0.8333": [-2.44081, 0.54094, 12.48848]
					}
				},
				"leftLeg": {
					"rotation": {
						"0.0": [45, 0, 0],
						"0.2083": [27.5, 0, 0],
						"0.4167": [7.5, 0, 0],
						"0.5833": [-42.5, 0, 0],
						"0.9167": [-42.39121, -3.37562, -3.69066],
						"1.1667": [-49.89121, -3.37562, -3.69066],
						"2.0": [-79.89121, -3.37562, -3.69066],
						"4.3333": [-79.89121, -3.37562, -3.69066],
						"5.0": [-17.39121, -3.37562, -3.69066],
						"5.25": [-2.53231, -0.77058, -1.29937]
					},
					"position": {
						"0.0": [0, 0, 0],
						"0.4167": [0, 2.64177, 0.91299],
						"0.5833": [0, -0.24742, -0.37949],
						"0.9167": [0, -1.72455, -1.73118],
						"2.0": [0.34487, -8.11015, -0.59111],
						"4.3333": [0.34487, -8.11015, -0.59111],
						"4.7083": [0.06342, -7.42431, 3.34107],
						"5.0": [-0.82975, -1.92385, 12.39542],
						"5.0417": [-0.03394, 1.29967, 12.40138],
						"5.25": [-0.10843, 1.23641, 13.79635]
					}
				},
				"rightLeg": {
					"rotation": {
						"0.0": [45, 0, 0],
						"0.2083": [32.5, 0, 0],
						"0.4167": [7.5, 0, 0],
						"0.5833": [-40, 0, 0],
						"0.9167": [-39.89247, 3.21154, 3.83424],
						"1.1667": [-47.39247, 3.21154, 3.83424],
						"2.0": [-77.39247, 3.21154, 3.83424],
						"4.3333": [-77.39247, 3.21154, 3.83424],
						"5.0": [-14.89247, 3.21154, 3.83424],
						"5.25": [-0.17282, 0.70869, -1.16607]
					},
					"position": {
						"0.0": [0, 0, 0],
						"0.4167": [0, 2.64177, 0.91299],
						"0.5833": [0, 0.34187, -1.01836],
						"0.9167": [0, -1.19209, -2.30558],
						"2.0": [-0.3714, -8.01165, -0.7845],
						"4.3333": [-0.3714, -8.01165, -0.7845],
						"4.7083": [-0.09342, -7.15349, 3.11742],
						"5.0": [-0.44549, -1.18063, 11.99709],
						"5.0417": [-0.29202, 0.74657, 12.5132],
						"5.25": [-0.18659, 1.24654, 13.7571]
					}
				},
				"body": {
					"rotation": {
						"0.0": [0, 0, 0],
						"0.2083": [-32.5, 0, 0],
						"0.4167": [-52.5, 0, 0],
						"0.5833": [-102.5, 0, 0],
						"0.9167": [-132.5, 0, 0],
						"1.1667": [-152.5, 0, 0],
						"2.0": [-165, 0, 0],
						"2.2083": [-180, 0, 0],
						"4.6667": [-180, 0, 0],
						"5.0": [-147.5, 0, 0],
						"5.25": [-140, 0, 0]
					},
					"position": {
						"0.0": [0, 0, 0],
						"0.2083": [0, -2.22408, 6.76879],
						"0.4167": [0, -4.96924, 11.40051],
						"0.5833": [0, -12.96239, 11.05104],
						"0.9167": [0, -17.38366, 6.99646],
						"1.1667": [0, -19.22699, 3.45196],
						"2.0": [0, -21.55937, -5.24333],
						"2.2083": [0, -21.56084, -8.24],
						"4.6667": [0, -21.56084, -8.24],
						"5.0": [0, -30.30001, -1.48631]
					}
				},
				"head": {
					"rotation": {
						"2.0": [0, 0, 0],
						"2.4167": [42.5, 0, 0],
						"5.5": [0, 0, 0]
					}
				}
			}
		},
		"animation.down.sub2": {
			"animation_length": 6.0417,
			"bones": {
				"root": {
					"rotation": [0, -45, 0],
					"position": [-11, 0, 7]
				},
				"waist": {
					"rotation": {
						"0.0": [55, 0, 0],
						"0.2083": [35, 0, 0],
						"0.4167": [10, 0, 0],
						"0.5833": [10.80524, -22.13991, -4.11405],
						"1.2083": [20.51851, -27.07833, 8.52713],
						"1.5833": [63.01851, -27.07833, 8.52713],
						"1.9583": [88.01851, -27.07833, 8.52713],
						"2.7083": [-4.48149, -27.07833, 8.52713],
						"2.875": [54.59948, -42.12055, -11.98073],
						"3.125": [104.45019, -24.12512, -38.75968],
						"3.9167": [104.45019, -24.12512, -38.75968],
						"4.2083": [83.01851, -27.07833, 8.52713],
						"4.4583": [60.51851, -27.07833, 8.52713],
						"4.7083": [23.01851, -27.07833, 8.52713],
						"5.0": [-4.48149, -27.07833, 8.52713]
					}
				},
				"head": {
					"rotation": {
						"2.0": [0, 0, 0],
						"3.0833": [0, -60, 0],
						"4.0417": [0, -60, 0],
						"5.5": [0, 15, 0]
					}
				},
				"leftArm": {
					"rotation": {
						"0.0": [-100, 0, 0],
						"0.4167": [-53.50966, -24.59477, 4.62934],
						"0.5833": [-66.22916, -2.58046, 36.11513],
						"0.9167": [-42.99598, -27.5216, 24.00033],
						"1.2083": [-52.68408, -49.06652, 15.58873],
						"2.0": [-90.23462, -59.06645, 15.65091],
						"3.125": [-139.12606, 28.16396, 19.6303],
						"4.0": [-139.12606, 28.16396, 19.6303],
						"4.2083": [-127.62065, -1.56666, 15.45296],
						"4.4583": [-127.62065, -1.56666, 15.45296],
						"4.7083": [-75.12065, -1.56666, 15.45296],
						"5.5": [0.35615, -1.53041, -2.05345]
					}
				},
				"rightArm": {
					"rotation": {
						"0.0": [-110.23772, 12.3071, -2.20462],
						"0.2083": [-125.23772, 12.3071, -2.20462],
						"0.4167": [-90.23226, -0.1928, -2.15317],
						"2.0": [-138.91647, -0.1928, -2.15317],
						"2.7083": [-228.91647, -0.1928, -2.15317],
						"3.125": [-83.82414, -28.85063, 7.13112],
						"4.0": [-83.82414, -28.85063, 7.13112],
						"5.5": [3.58353, -0.1928, -2.15317]
					},
					"position": [0, 0, 0]
				}
			}
		}
	}
}